<?xml version="1.0" encoding="UTF-8"?>
<project-private xmlns="http://www.netbeans.org/ns/project-private/1">
    <editor-bookmarks xmlns="http://www.netbeans.org/ns/editor-bookmarks/1"/>
    <editor-bookmarks xmlns="http://www.netbeans.org/ns/editor-bookmarks/2" lastBookmarkId="0"/>
    <open-files xmlns="http://www.netbeans.org/ns/projectui-open-files/2">
        <group>
            <file>file:/C:/Users/Tho%20Nhan/Desktop/do_an/document/Bai10_I2C_Full/timer/timer.c</file>
            <file>file:/C:/Users/Tho%20Nhan/Desktop/do_an/document/Bai10_I2C_Full/main.c</file>
            <file>file:/C:/Users/Tho%20Nhan/Desktop/do_an/document/Bai10_I2C_Full/button_matrix/button.h</file>
            <file>file:/C:/Users/Tho%20Nhan/Desktop/do_an/document/Bai10_I2C_Full/i2c/i2c.c</file>
            <file>file:/C:/Users/Tho%20Nhan/Desktop/do_an/document/Bai10_I2C_Full/button_matrix/button.c</file>
            <file>file:/C:/Users/Tho%20Nhan/Desktop/do_an/document/Bai10_I2C_Full/lcd/lcd.c</file>
        </group>
    </open-files>
</project-private>
