<?xml version="1.0" encoding="UTF-8"?>
<project-private xmlns="http://www.netbeans.org/ns/project-private/1">
    <editor-bookmarks xmlns="http://www.netbeans.org/ns/editor-bookmarks/1"/>
    <editor-bookmarks xmlns="http://www.netbeans.org/ns/editor-bookmarks/2" lastBookmarkId="0"/>
    <open-files xmlns="http://www.netbeans.org/ns/projectui-open-files/2">
        <group>
            <file>file:/C:/Users/Tho%20Nhan/Desktop/do_an/document/Bai10_I2C_Full/main.h</file>
            <file>file:/C:/Users/Tho%20Nhan/Desktop/do_an/document/Bai10_I2C_Full/main.c</file>
            <file>file:/C:/Users/Tho%20Nhan/Desktop/do_an/document/Bai10_I2C_Full/worldclock/worldclock.h</file>
            <file>file:/C:/Users/Tho%20Nhan/Desktop/do_an/document/Bai10_I2C_Full/worldclock/worldclock.c</file>
            <file>file:/C:/Users/Tho%20Nhan/Desktop/do_an/document/Bai10_I2C_Full/timer/timer.h</file>
        </group>
    </open-files>
</project-private>
